requirement,generated_code,generated_tests,pytest_stdout,pytest_stderr,coverage,passed,failed,status
 Product formulas shall allow use of semi-products  which have own formulas.,"def __getitem__(self, i):
        """"""
        Return the value associated with the i-th element.

        If an element is not found, 0 is returned.

        Returns the current value plus (x, y) pair if index i is outside the
        current range, else 0.
        """"""
        curr = self._value[i] # first element to compute
        f = curr[1][0]
        l = curr[1][1]
        dummy = self.","def __getitem__(self, i): """""" return the value associated with the i-th element. If an element is not found, 0 is returned. return the current value plus (x, y) pair if index i is outside the current range, else 0 is returned. return the current value plus (x, y) pair if index i is outside the current range, else 0 is returned. return the current value plus (x, y) pair if index i is outside the current range, else","
==================================== ERRORS ====================================
___________________ ERROR collecting test_generated_code.py ____________________
/usr/local/lib/python3.12/dist-packages/_pytest/python.py:498: in importtestmodule
    mod = import_path(
/usr/local/lib/python3.12/dist-packages/_pytest/pathlib.py:587: in import_path
    importlib.import_module(module_name)
/usr/lib/python3.12/importlib/__init__.py:90: in import_module
    return _bootstrap._gcd_import(name[level:], package, level)
           ^^^^^^^^^^^^^^^^^^^^^^^^^^^^^^^^^^^^^^^^^^^^^^^^^^^^
<frozen importlib._bootstrap>:1387: in _gcd_import
    ???
<frozen importlib._bootstrap>:1360: in _find_and_load
    ???
<frozen importlib._bootstrap>:1331: in _find_and_load_unlocked
    ???
<frozen importlib._bootstrap>:935: in _load_unlocked
    ???
/usr/local/lib/python3.12/dist-packages/_pytest/assertion/rewrite.py:177: in exec_module
    source_stat, co = _rewrite_test(fn, self.config)
                      ^^^^^^^^^^^^^^^^^^^^^^^^^^^^^^
/usr/local/lib/python3.12/dist-packages/_pytest/assertion/rewrite.py:357: in _rewrite_test
    tree = ast.parse(source, filename=strfn)
           ^^^^^^^^^^^^^^^^^^^^^^^^^^^^^^^^^
/usr/lib/python3.12/ast.py:52: in parse
    return compile(source, filename, mode, flags,
E     File ""/tmp/tmp5pxtkgti/test_generated_code.py"", line 4
E       def __getitem__(self, i): """""" return the value associated with the i-th element. If an element is not found, 0 is returned. return the current value plus (x, y) pair if index i is outside the current range, else 0 is returned. return the current value plus (x, y) pair if index i is outside the current range, else 0 is returned. return the current value plus (x, y) pair if index i is outside the current range, else
E                                 ^
E   SyntaxError: unterminated triple-quoted string literal (detected at line 4)
=========================== short test summary info ============================
ERROR test_generated_code.py
!!!!!!!!!!!!!!!!!!!! Interrupted: 1 error during collection !!!!!!!!!!!!!!!!!!!!
1 error in 0.47s
","/usr/local/lib/python3.12/dist-packages/coverage/control.py:945: CoverageWarning: No data was collected. (no-data-collected)
  self._warn(""No data was collected."", slug=""no-data-collected"")
",0%,0,0,Fail
The RFS system should be able to easily interface with the BDW environment  in order to load the data.  	7 data files shall be received from the BDW and loaded into the RFS system within 3 hours one day prior to the start of budgeting process  every year. The data will be as of October month-end. 	Test files (7) shall be loaded up to 5 times throughout the year  from the BDW.,"Respond ONLY with valid Python code. Requirement:
The RFS system should be able to easily interface with the BDW environment  in order to load the data.  	7 data files shall be received from the BDW and loaded into the RFS system within 3 hours one day prior to the start of budgeting process  every year. The data will be as of October month-end. 	Test files (7) shall be loaded up to 5 times throughout the year  from the BDW.  	The data of the second and following 5 times shall be loaded based on the last three times the last valid, 3, 9 times valid, or 6 times. 	This test case will load 3, 9, 6, 9 times, and 8 times based on whether there were any valid data files loaded - or whether there was just a sixth time - of which the valid data would be at start month. Note: 	This test case should be used to load up to 8 times the BDW files with only 0, 1, and 13 valid data files included. 	7 data files shall be loaded to the RFS system one hour prior to the start and end of budgeting time. 1 day and 2 weeks of budgeting time will not cause a full load onto the RFS system. 	8 data files shall be loaded one hour prior to the start of Budgeting  time, 10 data files, 5 times the last valid data, and 6 times the last",0,"
==================================== ERRORS ====================================
___________________ ERROR collecting test_generated_code.py ____________________
/usr/local/lib/python3.12/dist-packages/_pytest/python.py:498: in importtestmodule
    mod = import_path(
/usr/local/lib/python3.12/dist-packages/_pytest/pathlib.py:587: in import_path
    importlib.import_module(module_name)
/usr/lib/python3.12/importlib/__init__.py:90: in import_module
    return _bootstrap._gcd_import(name[level:], package, level)
           ^^^^^^^^^^^^^^^^^^^^^^^^^^^^^^^^^^^^^^^^^^^^^^^^^^^^
<frozen importlib._bootstrap>:1387: in _gcd_import
    ???
<frozen importlib._bootstrap>:1360: in _find_and_load
    ???
<frozen importlib._bootstrap>:1331: in _find_and_load_unlocked
    ???
<frozen importlib._bootstrap>:935: in _load_unlocked
    ???
/usr/local/lib/python3.12/dist-packages/_pytest/assertion/rewrite.py:186: in exec_module
    exec(co, module.__dict__)
test_generated_code.py:2: in <module>
    from generated_code import *
E     File ""/tmp/tmpa68cas4f/generated_code.py"", line 1
E       Respond ONLY with valid Python code. Requirement:
E               ^^^^
E   SyntaxError: invalid syntax
=========================== short test summary info ============================
ERROR test_generated_code.py
!!!!!!!!!!!!!!!!!!!! Interrupted: 1 error during collection !!!!!!!!!!!!!!!!!!!!
1 error in 0.37s
",,67%,0,0,Fail
The product shall display a map of the company building showing conference room locations.,"def main():

    """"""
    Generates the map for conferences and places the map there.
    """"""
    f.manager.define_global_manager('pycoderca')
    #f.manager.save_global_manager('pycoderca')",#f.manager.save_global_manager('pycoderca'),"
no tests ran in 0.01s
",,50%,0,0,Fail
"In the settings menu for Twitter there is an option to delete the saved username in combination with the password, regarding Twitter.","def post(self):
        self.write(json.dumps({'err': False}))
        try:
            username, password = self.get_argument('username'), self.get_argument('password')
            user = twitter.get_user(username)

            if user['verified']:    
                return

            if not self.get_argument('login'):
                self.reset_error()
                return

            user['verified'] = True
            user['created_on'] = '1970'
            user","def post(self): self.write(json.dumps('err': False) try: username, password = self.get_argument('username'), self.get_argument('password') user = twitter.get_user(username) if user['verified']: return if not self.get_argument('login'): self.reset_error() return user['verified'] = True","
==================================== ERRORS ====================================
___________________ ERROR collecting test_generated_code.py ____________________
/usr/local/lib/python3.12/dist-packages/_pytest/python.py:498: in importtestmodule
    mod = import_path(
/usr/local/lib/python3.12/dist-packages/_pytest/pathlib.py:587: in import_path
    importlib.import_module(module_name)
/usr/lib/python3.12/importlib/__init__.py:90: in import_module
    return _bootstrap._gcd_import(name[level:], package, level)
           ^^^^^^^^^^^^^^^^^^^^^^^^^^^^^^^^^^^^^^^^^^^^^^^^^^^^
<frozen importlib._bootstrap>:1387: in _gcd_import
    ???
<frozen importlib._bootstrap>:1360: in _find_and_load
    ???
<frozen importlib._bootstrap>:1331: in _find_and_load_unlocked
    ???
<frozen importlib._bootstrap>:935: in _load_unlocked
    ???
/usr/local/lib/python3.12/dist-packages/_pytest/assertion/rewrite.py:177: in exec_module
    source_stat, co = _rewrite_test(fn, self.config)
                      ^^^^^^^^^^^^^^^^^^^^^^^^^^^^^^
/usr/local/lib/python3.12/dist-packages/_pytest/assertion/rewrite.py:357: in _rewrite_test
    tree = ast.parse(source, filename=strfn)
           ^^^^^^^^^^^^^^^^^^^^^^^^^^^^^^^^^
/usr/lib/python3.12/ast.py:52: in parse
    return compile(source, filename, mode, flags,
E     File ""/tmp/tmph1k8t_jd/test_generated_code.py"", line 4
E       def post(self): self.write(json.dumps('err': False) try: username, password = self.get_argument('username'), self.get_argument('password') user = twitter.get_user(username) if user['verified']: return if not self.get_argument('login'): self.reset_error() return user['verified'] = True
E                                                  ^
E   SyntaxError: invalid syntax
=========================== short test summary info ============================
ERROR test_generated_code.py
!!!!!!!!!!!!!!!!!!!! Interrupted: 1 error during collection !!!!!!!!!!!!!!!!!!!!
1 error in 0.48s
","/usr/local/lib/python3.12/dist-packages/coverage/control.py:945: CoverageWarning: No data was collected. (no-data-collected)
  self._warn(""No data was collected."", slug=""no-data-collected"")
",0%,0,0,Fail
Product installations and upgrades shall be handled by the middleware technology team within established launch time frames.,"Respond ONLY with valid Python code. Requirement:
Product installations and upgrades shall be handled by the middleware technology team within established launch time frames.

""""""
from django.db import models

from djblets.email_validation import ValidationError
from djblets.mailbox_cache import MailboxCache


class Address(models.Model):
    """"""
    This model is a base class for a set of addresses a course may have. Each address is
    typically an email address, but can also include a string identifier for this
    addresses instance.

    All model objects that are saved or modified will be added to the email address
    index of this address, using the id attribute. If no matching address was found
    for the specified email address and string, an invalid address will be added and
    the exception
    ValidationError will be raised if the string is not found.

    The valid addresses are stored as email addresses, separated by
    commas and underscores. The ""email_from"" class attribute, if present, will",ValidationError will be raised if the address is not matching.,"
==================================== ERRORS ====================================
___________________ ERROR collecting test_generated_code.py ____________________
/usr/local/lib/python3.12/dist-packages/_pytest/python.py:498: in importtestmodule
    mod = import_path(
/usr/local/lib/python3.12/dist-packages/_pytest/pathlib.py:587: in import_path
    importlib.import_module(module_name)
/usr/lib/python3.12/importlib/__init__.py:90: in import_module
    return _bootstrap._gcd_import(name[level:], package, level)
           ^^^^^^^^^^^^^^^^^^^^^^^^^^^^^^^^^^^^^^^^^^^^^^^^^^^^
<frozen importlib._bootstrap>:1387: in _gcd_import
    ???
<frozen importlib._bootstrap>:1360: in _find_and_load
    ???
<frozen importlib._bootstrap>:1331: in _find_and_load_unlocked
    ???
<frozen importlib._bootstrap>:935: in _load_unlocked
    ???
/usr/local/lib/python3.12/dist-packages/_pytest/assertion/rewrite.py:177: in exec_module
    source_stat, co = _rewrite_test(fn, self.config)
                      ^^^^^^^^^^^^^^^^^^^^^^^^^^^^^^
/usr/local/lib/python3.12/dist-packages/_pytest/assertion/rewrite.py:357: in _rewrite_test
    tree = ast.parse(source, filename=strfn)
           ^^^^^^^^^^^^^^^^^^^^^^^^^^^^^^^^^
/usr/lib/python3.12/ast.py:52: in parse
    return compile(source, filename, mode, flags,
E     File ""/tmp/tmpfpz1q6ip/test_generated_code.py"", line 4
E       ValidationError will be raised if the address is not matching.
E                               ^^^^^^^^^^^^^
E   SyntaxError: expected 'else' after 'if' expression
=========================== short test summary info ============================
ERROR test_generated_code.py
!!!!!!!!!!!!!!!!!!!! Interrupted: 1 error during collection !!!!!!!!!!!!!!!!!!!!
1 error in 0.43s
","/usr/local/lib/python3.12/dist-packages/coverage/control.py:945: CoverageWarning: No data was collected. (no-data-collected)
  self._warn(""No data was collected."", slug=""no-data-collected"")
",0%,0,0,Fail
